Workbook

Sheet Dam Lines
A1: Mare | B1: Dam | C1: 2nd Dam | D1: 3rd Dam | E1: 4th Dam | F1: 5th Dam | G1: 6th Dam | H1: 7th Dam | I1: 8th Dam | J1: Dam Line
A2: DJEZIKA | B2: CHERIFA | C2: MANAGHI | D2: MANDRAGORE | E2: MAGNESIE | J2: MAGNESIE
A3: Sand Witchh | B3: TORNADE DU LOUP | C3: NEVADOU | D3: NEVADA II | J3: NEVADA II
A4: Dixies Valentine | B4: DIXIE DARLENE | C4: BW ALI CATT | D4: EL TALQUAHJAMASNA | E4: DAHSHUR | J4: DAHSHUR
A5: Waahiba | B5: CANELLE DE CARRERE | C5: QUATY DE CARRERE | D5: SAMBA | E5: JAVA | F5: NEVADA II | J5: NEVADA II
A6: Rudina | B6: REFLEKSJA | C6: RUSNEGA | J6: RUSNEGA
A7: Shumoos | B7: SHEENA | C7: FANTASIA | D7: FLEUR D'AVRIL | E7: FEDORA | F7: FATMA | J7: FATMA
A8: RB FRYNCH BROAD | B8: FRYNCH | C8: FRYGA | D8: FILGA | E8: PHILIPPA | J8: PHILIPPA
A9: Gabra | B9: UNCHAINEDD MELODY | C9: BLU BINT HALEEMA | D9: ASALA HALEEMA | J9: ASALA HALEEMA
A10: Fleur Du Cayrou | B10: LAFANA | C10: FLEUR DU CASSOU | D10: FLEUR DU BEARN | E10: FLEUR D'AVRIL | F10: FEDORA | G10: FATMA | J10: FATMA
A11: Fazzaha | B11: VERMEILLE | C11: WARKA | D11: ELOA | J11: ELOA
A12: Fazah | B12: ALEEFA | C12: ETOILE DU LOUP | D12: KALINE DU LOUP | E12: NIVADA | F12: NEVADA II | J12: NEVADA II
A13: WADYA | B13: ETOILE DU LOUP | C13: KALINE DU LOUP | D13: NIVADA | E13: NEVADA II | J13: NEVADA II
A14: Rich Kinkga | B14: GINKGA | C14: GENETIQUE | D14: GORA | E14: MARIE URSULE | F14: SAINTE URSULE | G14: MADOU | J14: MADOU
A15: Nevada Du Loup | B15: NIVADA | C15: NEVADA II | J15: NEVADA II
A16: MIZZNA | B16: UNCHAINEDD MELODY | C16: BLU BINT HALEEMA | D16: ASALA HALEEMA | J16: ASALA HALEEMA
A17: MENISSOU | B17: MENINE | C17: MANDORE | D17: MANDARINE III | E17: MAGNESIE | J17: MAGNESIE
A18: HABAIB | B18: EL AFIA | C18: MAHARZIA | D18: HALAZOUNA | J18: HALAZOUNA
A19: EARLY MORNING | B19: SHOAGH | C19: WIKINGS STREAK | J19: WIKINGS STREAK
A20: Caviyar | B20: TIKING AWAY | C20: MOLLY-O-TIKIE | D20: MOLLY-O-KU | E20: MONAT | J20: MONAT
A21: NO FRYLLS | B21: FRYGA | C21: FILGA | D21: PHILIPPA | J21: PHILIPPA
A22: Karraway | B22: KHADDOUJ | C22: JAWAHIR | D22: PRIMEROSE | J22: PRIMEROSE
A23: JOWHARAT AL ASAYL | B23: FLORINE DE CARRERE | C23: QUATY DE CARRERE | D23: SAMBA | E23: JAVA | F23: NEVADA II | J23: NEVADA II
A24: HAIFA'A | B24: AMIDA | C24: NE RIEN FAIRE | D24: NEFTA | E24: QUITAINE | J24: QUITAINE
A25: Fraynce | B25: FRYGA | C25: FILGA | D25: PHILIPPA | J25: PHILIPPA
A26: Fanar | B26: EL AFIA | C26: MAHARZIA | D26: HALAZOUNA | J26: HALAZOUNA
A27: BENT AL ASAYL | B27: KAHEELA | C27: ORZELA | D27: FAGAI | E27: GAICHI | J27: GAICHI
A28: BASHARRA | B28: BRYANS TIME | C28: ARGAPOVA | D28: ARRAGONDA | J28: ARRAGONDA
A29: ARKADYA | B29: ALBANY | C29: ALTIERE | D29: ASTRALE | J29: ASTRALE
A30: AF WAED | B30: SARALOUVE | C30: SARAVA DU LOUP | D30: NIVADA | E30: NEVADA II | J30: NEVADA II
A31: AF INTIDAB | B31: FLEUR DU CAYROU | C31: LAFANA | D31: FLEUR DU CASSOU | E31: FLEUR DU BEARN | F31: FLEUR D'AVRIL | G31: FEDORA | H31: FATMA | J31: FATMA
A32: VOICI KOSSACK | B32: VESNA | C32: STIHIA | D32: SAPINA | J32: SAPINA
A33: VALDORA | B33: VALINA DES FABRIES | C33: QUOVALINA | D33: NANOU | E33: NEVADA II | J33: NEVADA II
A34: STOOR | B34: TANGA | C34: TAKADA | D34: JAFFA DU BERLAIS | E34: NEFTA | F34: QUITAINE | J34: QUITAINE
A35: Sirella | B35: AKALIBA | C35: QUITAINE | D35: QUINE | J35: QUINE
A36: SHAJARET EDDOR AL REEF | B36: MAHABA | C36: JOYZELL | D36: YFS ALMOND JOY | J36: YFS ALMOND JOY
A37: ROSALYN | B37: ROGHEDA | C37: KHANA | D37: CAIDA | J37: CAIDA
A38: RB Burn Baby Burn | B38: BURNING FIRESTAR | C38: SAND AND SABLE | D38: SANLOU FARBANIN | E38: FARBAHAN | J38: FARBAHAN
A39: PRADORE | B39: PRALINE DU CASSOU | C39: NERVA DU CASO | D39: NEVADOUR | E39: NEVADA II | J39: NEVADA II
A40: MEN ABU DHABI | B40: ANSHOUDAT FARAH | C40: KASTANETA | D40: KARTINKA | E40: KARTA | J40: KARTA
A41: MARADJANE DU MONTEIL | B41: RABIHA DE FAUST | C41: HAKIMA DE CARRERE | D41: QUATY DE CARRERE | E41: SAMBA | F41: JAVA | G41: NEVADA II | J41: NEVADA II
A42: MAHA BIBI | B42: MAHABA | C42: JOYZELL | D42: YFS ALMOND JOY | J42: YFS ALMOND JOY
A43: JAZEERA | B43: GLIPTIKA | C43: GOLLANDIA | D43: GILDIA | E43: GAMMA | F43: MAGIA | J43: MAGIA
A44: Gaira | B44: CANELLE DE CARRERE | C44: QUATY DE CARRERE | D44: SAMBA | E44: JAVA | F44: NEVADA II | J44: NEVADA II
A45: Cha Cha De Ghazal | B45: COLCHIQUE DE GAZAL | C45: KEY DU CASSOU | D45: QUESADA | E45: NEVADA II | J45: NEVADA II
A46: Burnie Gee PW | B46: BYGOSH BYGOLLY | C46: VANI TIKI | D46: KYLA TIKI | J46: KYLA TIKI
A47: BONNETT | B47: BW ALI CATT | C47: EL TALQUAHJAMASNA | D47: DAHSHUR | J47: DAHSHUR
A48: ANA DHABIANIA | B48: ALMANE DU CAYROU | C48: ALDURA | D48: DURANCE | J48: DURANCE
A49: ALIAA | B49: AMIDOU DOUZAIA | C49: DJEBELLE | D49: DJEDDA | J49: DJEDDA
A50: AF ZAHIA | B50: ELINA DES FABRIES | C50: VALINA DES FABRIES | D50: QUOVALINA | E50: NANOU | F50: NEVADA II | J50: NEVADA II
A51: AF NAJMATI | B51: SAMTYRA | C51: DIMFIXA | D51: SAFIXA | J51: SAFIXA
A52: ZAHRA | B52: KHADIJA | C52: KALILA | D52: KORAL | J52: KORAL
A53: Triumphs pearl | B53: MATILDA EL ORZEL | C53: BRUSALLY ORSTA | D53: CHLOSTA | J53: CHLOSTA
A54: TM La Belle Proper | B54: HEAVEN KAN WAIT | C54: GAZELLA III | D54: BR BINT CHLOSTA | J54: BR BINT CHLOSTA
A55: So In Love | B55: VICTORIAS SECRETT | C55: BLU BINT HALEEMA | D55: ASALA HALEEMA | J55: ASALA HALEEMA
A56: SIGARA | B56: DIA AL SIGOUR | C56: AICHA | D56: FLORINE | E56: FACADE | F56: FATIVA | G56: FATMA | J56: FATMA
A57: Shehaada | B57: GARDENIA GORA | C57: GORA | D57: MARIE URSULE | E57: SAINTE URSULE | F57: MADOU | J57: MADOU
A58: SHAMMA ONE | B58: PATLAN TSAMONE | C58: PL TSASSOON | J58: PL TSASSOON
A59: RAGHAD | B59: CR VAYU PAK | C59: HANDEYBOR | J59: HANDEYBOR
A60: Petraunille | B60: MY PRINCESSE | C60: CHERIFA | D60: MANAGHI | E60: MANDRAGORE | F60: MAGNESIE | J60: MAGNESIE
A61: Nuzhaat | B61: MEGA | C61: NEGA | D61: ELIZA | E61: ELKA | J61: ELKA
A62: N'Explosive Al Maury | B62: NEVADA AL MAURY | C62: NEVADOUR | D62: NEVADA II | J62: NEVADA II
A63: MAHARANI | B63: MADAWA | C63: MARINELLA | D63: MA BELLE | E63: MADERBA | F63: MADONE | G63: MADOU | J63: MADOU
A64: KINANA | B64: EL HIDAYA | C64: JOURA | D64: THALA | E64: GHARDAIA | J64: GHARDAIA
A65: KASIEBA | B65: KALINE DU LOUP | C65: NIVADA | D65: NEVADA II | J65: NEVADA II
A66: Kadidja De Monlau | B66: HENIA | C66: ZHANA | J66: ZHANA
A67: JOLIE DU CASSOU | B67: BABICHE DE CARRERE | C67: NANOUE | D67: NEVADOUR | E67: NEVADA II | J67: NEVADA II
A68: Hathrah | B68: ESTER DU PAON | C68: BERTHE | D68: BASSALA | J68: BASSALA
A69: HADIA DE FAUST | B69: SABOUA | C69: JELBA | J69: JELBA
A70: Frynch | B70: FRYGA | C70: FILGA | D70: PHILIPPA | J70: PHILIPPA
A71: Fattana | B71: SHEENA | C71: FANTASIA | D71: FLEUR D'AVRIL | E71: FEDORA | F71: FATMA | J71: FATMA
A72: DJEZEBEL | B72: CHAR RICH LOUISE | C72: DOBRYS PRINCESS | D72: CHAR-RICH ALECIA | J72: CHAR-RICH ALECIA
A73: DJAD'OR DES FORGES | B73: DJALA | C73: DJEBELLA II | D73: DEBORAH IV | J73: DEBORAH IV
A74: Dahwa | B74: AMIDOU DOUZAIA | C74: DJEBELLE | D74: DJEDDA | J74: DJEDDA
A75: BAHERA | B75: BRYANS TIME | C75: ARGAPOVA | D75: ARRAGONDA | J75: ARRAGONDA
A76: ATLAAL | B76: PR DOLINA | C76: DULEENE | D76: IMPERIAL NILEENE | E76: COUNTESS-IRENE | J76: COUNTESS-IRENE
A77: ANSHOUDAT FARAH | B77: KASTANETA | C77: KARTINKA | D77: KARTA | J77: KARTA
A78: Al Sakabe | B78: MORGANE DE PIBOUL | C78: MONA LISA | D78: MADERBA | E78: MADONE | F78: MADOU | J78: MADOU
A79: AF KONOUZ | B79: KEROUANE | C79: SALAMA | D79: GAMRA | E79: SAADA | J79: SAADA
A80: AF AZMAAH | B80: MALAKAA | C80: MARJA | D80: MARGAU | E80: MANDORE | F80: MANDARINE III | G80: MAGNESIE | J80: MAGNESIE
A81: WYCKED | B81: FRYNCH | C81: FRYGA | D81: FILGA | E81: PHILIPPA | J81: PHILIPPA
A82: Viki De Carrere | B82: RAHA DE MALARTIC | C82: GUETLATO | D82: CAIDA | J82: CAIDA
A83: Theatre | B83: TIKING AWAY | C83: MOLLY-O-TIKIE | D83: MOLLY-O-KU | E83: MONAT | J83: MONAT
A84: TEMPTAYSHUHN | B84: TIDJIDA D | J84: TIDJIDA D
A85: TASHREEFAT | B85: SEGLAOUI | C85: SHADE | D85: LAFANA | E85: FLEUR DU CASSOU | F85: FLEUR DU BEARN | G85: FLEUR D'AVRIL | H85: FEDORA | I85: FATMA | J85: FATMA
A86: Soul Sisster | B86: TIKIS FRENCH KISS | C86: ELD TIKI BEE | D86: KYLA TIKI | J86: KYLA TIKI
A87: Sirene Du Loup | B87: CALINE DU LOUP | C87: NEVADOU | D87: NEVADA II | J87: NEVADA II
A88: SHEENA | B88: FANTASIA | C88: FLEUR D'AVRIL | D88: FEDORA | E88: FATMA | J88: FATMA
A89: Savavit Al Maury | B89: SALIA DE CARRERE | C89: NEVADOUR | D89: NEVADA II | J89: NEVADA II
A90: SAMBAA | B90: TAHYA | C90: KHLILA | D90: BAKOURA | J90: BAKOURA
A91: SALAAMAH | B91: AMIDOU DOUZAIA | C91: DJEBELLE | D91: DJEDDA | J91: DJEDDA
A92: Safira Du Paon | B92: GIULIA DU PAON | C92: PELLA DE LA COSTE | D92: FLORINE | E92: FACADE | F92: FATIVA | G92: FATMA | J92: FATMA
A93: RW Norwegian Star | B93: UELN | J93: UELN
A94: RS FARAHA | B94: FARHANA | C94: PECHENGA | D94: POPRIGUNIA | J94: POPRIGUNIA
A95: Rima | B95: NEZIRHAN | C95: MENCULE27 | D95: MENCULE16 | J95: MENCULE16
A96: RICHLY BLESSED | B96: ZERALDA JOSNIERE | C96: ORTIE | D96: BELLE DE JOUR | E96: BASSALA | J96: BASSALA
A97: Rich Frynd | B97: FRYNCH | C97: FRYGA | D97: FILGA | E97: PHILIPPA | J97: PHILIPPA
A98: RB Big N Rich | B98: BURNIE GEE PW | C98: BYGOSH BYGOLLY | D98: VANI TIKI | E98: KYLA TIKI | J98: KYLA TIKI
A99: Rawaa Al Wathba | B99: MAHABA | C99: JOYZELL | D99: YFS ALMOND JOY | J99: YFS ALMOND JOY
A100: RASHA AL DHAFRA | B100: FF ANGEL WINGS | C100: KITTEN | D100: MISS FANCY | E100: KARANTA | J100: KARANTA
...

Sheet Race Results 
A1: PLACE | B1: Horse Name | C1: SIRE | D1: DAM | E1: TYPE OF RACE | F1: DISTANCE | G1: Study Mare? | H1: GENDER | I1: Family
A2: 1 | B2: ROCKY CS | C2: Rubis De Carrere | D2: Willow CS | E2: MAIDEN | F2: 1200m | G2: =IF(COUNTIF('Dam Lines'!A:I,D2)>0,"Yes","No") -> No | H2: Male | I2: {=IF(G2="Yes",XLOOKUP(D2,'Dam Lines'!A:A,'Dam Lines'!J:J),"")}
A3: 2 | B3: AL ANID | C3: Mahabb | D3: Morgane De Piboul | E3: MAIDEN | F3: 1200m | G3: =IF(COUNTIF('Dam Lines'!A:A,D3)>0,"Yes","No") -> No | H3: Male | I3: {=IF(G3="Yes",XLOOKUP(D3,'Dam Lines'!A:A,'Dam Lines'!J:J),"")}
A4: 3 | B4: DAWLAH | C4: Calin Du Loup | D4: Fraynce | E4: MAIDEN | F4: 1200m | G4: =IF(COUNTIF('Dam Lines'!A:A,D4)>0,"Yes","No") -> Yes | H4: Male | I4: {=IF(G4="Yes",XLOOKUP(D4,'Dam Lines'!A:A,'Dam Lines'!J:J),"")} -> PHILIPPA
A5: 4 | B5: FRENCH ATHBAH | C5: KAOLINO | D5: Rocket Run | E5: MAIDEN | F5: 1200m | G5: =IF(COUNTIF('Dam Lines'!A:A,D5)>0,"Yes","No") -> No | H5: Male | I5: {=IF(G5="Yes",XLOOKUP(D5,'Dam Lines'!A:A,'Dam Lines'!J:J),"")}
A6: 5 | B6: ES MAYDAN | C6: BIG EASY | D6: Al Siada | E6: MAIDEN | F6: 1200m | G6: =IF(COUNTIF('Dam Lines'!A:A,D6)>0,"Yes","No") -> Yes | H6: Male | I6: {=IF(G6="Yes",XLOOKUP(D6,'Dam Lines'!A:A,'Dam Lines'!J:J),"")} -> AL SHIMRIYA-50
A7: 6 | B7: THE SECRET | C7: MADJANI | D7: More Adoraable | E7: MAIDEN | F7: 1200m | G7: =IF(COUNTIF('Dam Lines'!A:A,D7)>0,"Yes","No") -> No | H7: Male | I7: {=IF(G7="Yes",XLOOKUP(D7,'Dam Lines'!A:A,'Dam Lines'!J:J),"")}
A8: 7 | B8: AS FAYZ | C8: NIZAM | D8: AS MYSALOON | E8: MAIDEN | F8: 1200m | G8: =IF(COUNTIF('Dam Lines'!A:A,D8)>0,"Yes","No") -> Yes | H8: Male | I8: {=IF(G8="Yes",XLOOKUP(D8,'Dam Lines'!A:A,'Dam Lines'!J:J),"")} -> BUHTA
A9: 8 | B9: PRISM | C9: TAHAR DE CANDELON | D9: Tornade Blanche | E9: MAIDEN | F9: 1200m | G9: =IF(COUNTIF('Dam Lines'!A:A,D9)>0,"Yes","No") -> No | H9: Female | I9: {=IF(G9="Yes",XLOOKUP(D9,'Dam Lines'!A:A,'Dam Lines'!J:J),"")}
A10: 9 | B10: MUSHAAREK | C10: MADJANI | D10: Ester Du Paon | E10: MAIDEN | F10: 1200m | G10: =IF(COUNTIF('Dam Lines'!A:A,D10)>0,"Yes","No") -> No | H10: Male | I10: {=IF(G10="Yes",XLOOKUP(D10,'Dam Lines'!A:A,'Dam Lines'!J:J),"")}
A11: 10 | B11: JAP MIZOON | C11: Odin | D11: Firuze1 | E11: MAIDEN | F11: 1200m | G11: =IF(COUNTIF('Dam Lines'!A:A,D11)>0,"Yes","No") -> No | H11: Female | I11: {=IF(G11="Yes",XLOOKUP(D11,'Dam Lines'!A:A,'Dam Lines'!J:J),"")}
A12: 11 | B12: NICHEM AL MELS | C12: Dormane | D12: Jelifa Al Mels | E12: MAIDEN | F12: 1200m | G12: =IF(COUNTIF('Dam Lines'!A:A,D12)>0,"Yes","No") -> No | H12: Male | I12: {=IF(G12="Yes",XLOOKUP(D12,'Dam Lines'!A:A,'Dam Lines'!J:J),"")}
A13: 12 | B13: ES INTKHAB | C13: BIG EASY | D13: SHAMMA ONE | E13: MAIDEN | F13: 1200m | G13: =IF(COUNTIF('Dam Lines'!A:A,D13)>0,"Yes","No") -> Yes | H13: Male | I13: {=IF(G13="Yes",XLOOKUP(D13,'Dam Lines'!A:A,'Dam Lines'!J:J),"")} -> PL TSASSOON
A14: 13 | B14: AF AL RAQIB | C14: Martin Al Maury | D14: Etoile Du Pigne | E14: MAIDEN | F14: 1200m | G14: =IF(COUNTIF('Dam Lines'!A:A,D14)>0,"Yes","No") -> Yes | H14: Male | I14: {=IF(G14="Yes",XLOOKUP(D14,'Dam Lines'!A:A,'Dam Lines'!J:J),"")} -> ALTHEA
... A16: 15 | B16: DJAKBAR DEL FALOT | C16: Akbar | D16: Djeba De Falgas | E16: MAIDEN | F16: 1200m | G16: =IF(COUNTIF('Dam Lines'!A:A,D16)>0,"Yes","No") -> Yes | H16: Female | I16: {=IF(G16="Yes",XLOOKUP(D16,'Dam Lines'!A:A,'Dam Lines'!J:J),"")} -> MAMMONA
A17: 1 | B17: LATIFA PRINCESS | C17: BIG EASY | D17: FF Naomi | E17: HANDICAP (+) | F17: 1200m | G17: Yes | H17: Female | I17: {=XLOOKUP(B17,'Dam Lines'!A:A,'Dam Lines'!J:J)} -> TEBERDA
A18: 2 | B18: BIN ARAR | C18: Tanguy Du Falgas | D18: AL GHUBRAH | E18: HANDICAP (+) | F18: 1200m | G18: =IF(COUNTIF('Dam Lines'!A:A,D18)>0,"Yes","No") -> No | H18: Male | I18: {=IF(G18="Yes",XLOOKUP(D18,'Dam Lines'!A:A,'Dam Lines'!J:J),"")}
A19: 3 | B19: ATAB | C19: NEM KE TOI AL MAURY | D19: MKADER | E19: HANDICAP (+) | F19: 1200m | G19: =IF(COUNTIF('Dam Lines'!A:A,D19)>0,"Yes","No") -> No | H19: Female | I19: {=IF(G19="Yes",XLOOKUP(D19,'Dam Lines'!A:A,'Dam Lines'!J:J),"")}
A20: 4 | B20: MH LAZZAZ | C20: GERBYA | D20: SHEEMAH | E20: HANDICAP (+) | F20: 1200m | G20: =IF(COUNTIF('Dam Lines'!A:A,D20)>0,"Yes","No") -> No | H20: Male | I20: {=IF(G20="Yes",XLOOKUP(D20,'Dam Lines'!A:A,'Dam Lines'!J:J),"")}
A21: 5 | B21: JAP SHARAAR | C21: EASTER MOON | D21: Wizna | E21: HANDICAP (+) | F21: 1200m | G21: =IF(COUNTIF('Dam Lines'!A:A,D21)>0,"Yes","No") -> No | H21: Male | I21: {=IF(G21="Yes",XLOOKUP(D21,'Dam Lines'!A:A,'Dam Lines'!J:J),"")}
A22: 6 | B22: QAYED | C22: Haziz De Carrere | D22: Sirella | E22: HANDICAP (+) | F22: 1200m | G22: =IF(COUNTIF('Dam Lines'!A:A,D22)>0,"Yes","No") -> Yes | H22: Male | I22: {=IF(G22="Yes",XLOOKUP(D22,'Dam Lines'!A:A,'Dam Lines'!J:J),"")} -> QUINE
A23: 7 | B23: SAIF W'RSAN | C23: Samsheik | D23: SWEET MEMORRIES | E23: HANDICAP (+) | F23: 1200m | G23: =IF(COUNTIF('Dam Lines'!A:A,D23)>0,"Yes","No") -> Yes | H23: Male | I23: {=IF(G23="Yes",XLOOKUP(D23,'Dam Lines'!A:A,'Dam Lines'!J:J),"")} -> SHOGA
A24: 8 | B24: RS MUJAHID | C24: Bibi De Carrere | D24: MESHURA | E24: HANDICAP (+) | F24: 1200m | G24: =IF(COUNTIF('Dam Lines'!A:A,D24)>0,"Yes","No") -> No | H24: Male | I24: {=IF(G24="Yes",XLOOKUP(D24,'Dam Lines'!A:A,'Dam Lines'!J:J),"")}
A25: 9 | B25: AR MZOON | C25: Dormane | D25: SHEELA GHANTOOT | E25: HANDICAP (+) | F25: 1200m | G25: =IF(COUNTIF('Dam Lines'!A:A,D25)>0,"Yes","No") -> No | H25: Female | I25: {=IF(G25="Yes",XLOOKUP(D25,'Dam Lines'!A:A,'Dam Lines'!J:J),"")}
A26: 10 | B26: AZ ALDAHMA | C26: DAHESS | D26: AIRELLE DE GEMME | E26: HANDICAP (+) | F26: 1200m | G26: Yes | H26: Female | I26: {=XLOOKUP(B26,'Dam Lines'!A:A,'Dam Lines'!J:J)} -> FATMA
A27: 11 | B27: JAP MERSAL | C27: EASTER MOON | D27: Muznah | E27: HANDICAP (+) | F27: 1200m | G27: =IF(COUNTIF('Dam Lines'!A:A,D27)>0,"Yes","No") -> No | H27: Male | I27: {=IF(G27="Yes",XLOOKUP(D27,'Dam Lines'!A:A,'Dam Lines'!J:J),"")}
A28: 12 | B28: BAREK W'RSAN | C28: Drug | D28: PRINCE TIKI | E28: HANDICAP (+) | F28: 1200m | G28: =IF(COUNTIF('Dam Lines'!A:A,D28)>0,"Yes","No") -> No | H28: Male | I28: {=IF(G28="Yes",XLOOKUP(D28,'Dam Lines'!A:A,'Dam Lines'!J:J),"")}
A29: 13 | B29: MEHAJJ W'RSAN | C29: ZT Naphl | D29: Medeia | E29: HANDICAP (+) | F29: 1200m | G29: =IF(COUNTIF('Dam Lines'!A:A,D29)>0,"Yes","No") -> No | H29: Male | I29: {=IF(G29="Yes",XLOOKUP(D29,'Dam Lines'!A:A,'Dam Lines'!J:J),"")}
A30: 14 | B30: MAYDAN DU CAUSSE | C30: MOKTAR DU CAUSSE | D30: BENIKA | E30: HANDICAP (+) | F30: 1200m | G30: =IF(COUNTIF('Dam Lines'!A:A,D30)>0,"Yes","No") -> Yes | H30: Male | I30: {=IF(G30="Yes",XLOOKUP(D30,'Dam Lines'!A:A,'Dam Lines'!J:J),"")} -> BINT DASSIE
A31: 15 | B31: HADDAJ W'RSAN | C31: Tron Ku Tu | D31: KENIA KOLADA | E31: HANDICAP (+) | F31: 1200m | G31: =IF(COUNTIF('Dam Lines'!A:A,D31)>0,"Yes","No") -> Yes | H31: Male | I31: {=IF(G31="Yes",XLOOKUP(D31,'Dam Lines'!A:A,'Dam Lines'!J:J),"")} -> KHEMA
A32: 16 | B32: BOTHAYNAT AL ROOH | C32: Haziz De Carrere | D32: Asil | E32: HANDICAP (+) | F32: 1200m | G32: =IF(COUNTIF('Dam Lines'!A:A,D32)>0,"Yes","No") -> No | H32: Female | I32: {=IF(G32="Yes",XLOOKUP(D32,'Dam Lines'!A:A,'Dam Lines'!J:J),"")}
A33: 1 | B33: ES MUZAHIM | C33: MAJD AL ARAB | D33: Ghaddaf Al Naif | E33: MAIDEN | F33: 1000m | G33: =IF(COUNTIF('Dam Lines'!A:A,D33)>0,"Yes","No") -> Yes | H33: Male | I33: {=IF(G33="Yes",XLOOKUP(D33,'Dam Lines'!A:A,'Dam Lines'!J:J),"")} -> NEVADA II
A34: 2 | B34: MEFTAH AL REEF | C34: Bibi De Carrere | D34: MAFFIA | E34: MAIDEN | F34: 1000m | G34: =IF(COUNTIF('Dam Lines'!A:A,D34)>0,"Yes","No") -> Yes | H34: Male | I34: {=IF(G34="Yes",XLOOKUP(D34,'Dam Lines'!A:A,'Dam Lines'!J:J),"")} -> MADOU
A35: 3 | B35: NAWARAT AL REEF | C35: Bibi De Carrere | D35: NOMARCHIE | E35: MAIDEN | F35: 1000m | G35: =IF(COUNTIF('Dam Lines'!A:A,D35)>0,"Yes","No") -> Yes | H35: Female | I35: {=IF(G35="Yes",XLOOKUP(D35,'Dam Lines'!A:A,'Dam Lines'!J:J),"")} -> QUINE
A36: 4 | B36: IRENA | C36: MADJANI | D36: DENYAI | E36: MAIDEN | F36: 1000m | G36: =IF(COUNTIF('Dam Lines'!A:A,D36)>0,"Yes","No") -> Yes | H36: Female | I36: {=IF(G36="Yes",XLOOKUP(D36,'Dam Lines'!A:A,'Dam Lines'!J:J),"")} -> DEBORAH IV
A37: 5 | B37: AS ENJAZ | C37: Munjiz | D37: AS MYSALOON | E37: MAIDEN | F37: 1000m | G37: =IF(COUNTIF('Dam Lines'!A:A,D37)>0,"Yes","No") -> Yes | H37: Male | I37: {=IF(G37="Yes",XLOOKUP(D37,'Dam Lines'!A:A,'Dam Lines'!J:J),"")} -> BUHTA
A38: 6 | B38: ES KRAM | C38: MALEEH | D38: Bia | E38: MAIDEN | F38: 1000m | G38: =IF(COUNTIF('Dam Lines'!A:A,D38)>0,"Yes","No") -> No | H38: Male | I38: {=IF(G38="Yes",XLOOKUP(D38,'Dam Lines'!A:A,'Dam Lines'!J:J),"")}
... A89: 8 | B89: EKTIBAR | C89: KEY LINE | D89: DJANITI | E89: HANDICAP (+) | F89: 1000m | G89: =IF(COUNTIF('Dam Lines'!A:A,D89)>0,"Yes","No") -> No | H89: Male | I89: {=IF(G89="Yes",XLOOKUP(D89,'Dam Lines'!A:A,'Dam Lines'!J:J),"")}
A90: 9 | B90: AZ ALDAHMA | C90: DAHESS | D90: AIRELLE DE GEMME | E90: HANDICAP (+) | F90: 1000m | G90: Yes | H90: Female | I90: {=XLOOKUP(B90,'Dam Lines'!A:A,'Dam Lines'!J:J)} -> FATMA
A91: 10 | B91: RAFEEF | C91: Danzinon | D91: Tornade Blanche | E91: HANDICAP (+) | F91: 1000m | G91: =IF(COUNTIF('Dam Lines'!A:A,D91)>0,"Yes","No") -> No | H91: Female | I91: {=IF(G91="Yes",XLOOKUP(D91,'Dam Lines'!A:A,'Dam Lines'!J:J),"")}
A92: 1 | B92: GIRL POWERR | C92: Calin Du Loup | D92: Dixies Chick | E92: HANDICAP (+) | F92: 1000m | G92: =IF(COUNTIF('Dam Lines'!A:A,D92)>0,"Yes","No") -> Yes | H92: Female | I92: {=IF(G92="Yes",XLOOKUP(D92,'Dam Lines'!A:A,'Dam Lines'!J:J),"")} -> DAHSHUR
A93: 2 | B93: UBU AL MELS | C93: Dormane | D93: Lhora Al Mels | E93: HANDICAP (+) | F93: 1000m | G93: =IF(COUNTIF('Dam Lines'!A:A,D93)>0,"Yes","No") -> Yes | H93: Male | I93: {=IF(G93="Yes",XLOOKUP(D93,'Dam Lines'!A:A,'Dam Lines'!J:J),"")} -> CAIDA
A94: 3 | B94: NS SHAMIKH | C94: Volauvent | D94: AF ALWASHEM | E94: HANDICAP (+) | F94: 1000m | G94: =IF(COUNTIF('Dam Lines'!A:A,D94)>0,"Yes","No") -> No | H94: Male | I94: {=IF(G94="Yes",XLOOKUP(D94,'Dam Lines'!A:A,'Dam Lines'!J:J),"")}
A95: 4 | B95: ES FNNAN | C95: BIG EASY | D95: JOLIE DU CASSOU | E95: HANDICAP (+) | F95: 1000m | G95: =IF(COUNTIF('Dam Lines'!A:A,D95)>0,"Yes","No") -> Yes | H95: Male | I95: {=IF(G95="Yes",XLOOKUP(D95,'Dam Lines'!A:A,'Dam Lines'!J:J),"")} -> NEVADA II
A96: 5 | B96: AF SHBAS | C96: AL KESBE | D96: SAMBAA | E96: HANDICAP (+) | F96: 1000m | G96: =IF(COUNTIF('Dam Lines'!A:A,D96)>0,"Yes","No") -> Yes | H96: Female | I96: {=IF(G96="Yes",XLOOKUP(D96,'Dam Lines'!A:A,'Dam Lines'!J:J),"")} -> BAKOURA
A97: 6 | B97: AL HAMRA | C97: NEZ D'OR | D97: Dalia | E97: HANDICAP (+) | F97: 1000m | G97: =IF(COUNTIF('Dam Lines'!A:A,D97)>0,"Yes","No") -> Yes | H97: Female | I97: {=IF(G97="Yes",XLOOKUP(D97,'Dam Lines'!A:A,'Dam Lines'!J:J),"")} -> BAKOURA
A98: 7 | B98: ES MAYDAN | C98: BIG EASY | D98: Al Siada | E98: HANDICAP (+) | F98: 1000m | G98: =IF(COUNTIF('Dam Lines'!A:A,D98)>0,"Yes","No") -> Yes | H98: Male | I98: {=IF(G98="Yes",XLOOKUP(D98,'Dam Lines'!A:A,'Dam Lines'!J:J),"")} -> AL SHIMRIYA-50
A99: 8 | B99: HADREEJ | C99: Bibi De Carrere | D99: DJEZEBEL | E99: HANDICAP (+) | F99: 1000m | G99: =IF(COUNTIF('Dam Lines'!A:A,D99)>0,"Yes","No") -> Yes | H99: Female | I99: {=IF(G99="Yes",XLOOKUP(D99,'Dam Lines'!A:A,'Dam Lines'!J:J),"")} -> CHAR-RICH ALECIA
A100: 9 | B100: JAP NAIM | C100: EASTER MOON | D100: Atencja | E100: HANDICAP (+) | F100: 1000m | G100: =IF(COUNTIF('Dam Lines'!A:A,D100)>0,"Yes","No") -> No | H100: Male | I100: {=IF(G100="Yes",XLOOKUP(D100,'Dam Lines'!A:A,'Dam Lines'!J:J),"")}
A101: 10 | B101: TM AC-DC | C101: DJENDEL | D101: BONNETT | E101: HANDICAP (+) | F101: 1000m | G101: =IF(COUNTIF('Dam Lines'!A:A,D101)>0,"Yes","No") -> Yes | H101: Male | I101: {=IF(G101="Yes",XLOOKUP(D101,'Dam Lines'!A:A,'Dam Lines'!J:J),"")} -> DAHSHUR
A102: 11 | B102: A'NNABAK W'RSAN | C102: Tron Ku Tu | D102: Arrabelle | E102: HANDICAP (+) | F102: 1000m | G102: =IF(COUNTIF('Dam Lines'!A:A,D102)>0,"Yes","No") -> No | H102: Male | I102: {=IF(G102="Yes",XLOOKUP(D102,'Dam Lines'!A:A,'Dam Lines'!J:J),"")}
... A185: 6 | B185: OKBA | C185: Bibi De Carrere | D185: AF YASATER | E185: Group 3 | F185: 1600m | G185: =IF(COUNTIF('Dam Lines'!A:A,D185)>0,"Yes","No") -> Yes | H185: Male | I185: {=IF(G185="Yes",XLOOKUP(D185,'Dam Lines'!A:A,'Dam Lines'!J:J),"")} -> NEVADA II
A186: 7 | B186: ALBAR LOTOIS | C186: Akbar | D186: Allia Lotoise | E186: Group 3 | F186: 1600m | H186: Male | I186: =VLOOKUP(D186,'Dam Lines'!B$1:J$540,9,false) -> NEVADA II
A187: 8 | B187: AF LAFEH | C187: Amer | D187: HOURIYA BOUZNIKA | E187: Group 3 | F187: 1600m | H187: Male | I187: =VLOOKUP(D187,'Dam Lines'!$A$2:$J$540,10,false) -> HALA AL THANIYA
A188: 9 | B188: RICHLORE | C188: TH Richie | D188: LORE | E188: Group 3 | F188: 1600m | G188: Yes | H188: Female | I188: {=XLOOKUP(B188,'Dam Lines'!A:A,'Dam Lines'!J:J)} -> GAZELLA II
A189: 10 | B189: VULKAIN D'ALBRET | C189: AL SAOUDI | D189: Milka D'Albret | E189: Group 3 | F189: 1600m | H189: Male | I189: FATMA
A190: 1 | B190: MOLAHEN EL ALHAN | C190: AL NASR | D190: FLORINE DE CARRERE | E190: PRESTIGE | F190: 1600m | G190: =IF(COUNTIF('Dam Lines'!A:A,D190)>0,"Yes","No") -> Yes | H190: Male | I190: {=IF(G190="Yes",XLOOKUP(D190,'Dam Lines'!A:A,'Dam Lines'!J:J),"")} -> NEVADA II
A191: 2 | B191: LAAMMA | C191: Munjiz | D191: El Afia | E191: PRESTIGE | F191: 1600m | G191: =IF(COUNTIF('Dam Lines'!A:A,D191)>0,"Yes","No") -> No | H191: Male | I191: {=IF(G191="Yes",XLOOKUP(D191,'Dam Lines'!A:A,'Dam Lines'!J:J),"")}
A192: 3 | B192: BIGG N RICH | C192: FALINA DES FABRIES | D192: Viraac | E192: PRESTIGE | F192: 1600m | G192: =IF(COUNTIF('Dam Lines'!A:A,D192)>0,"Yes","No") -> Yes | H192: Male | I192: {=IF(G192="Yes",XLOOKUP(D192,'Dam Lines'!A:A,'Dam Lines'!J:J),"")} -> RW RAFINA
A193: 4 | B193: NASEEM AL REEF | C193: NEZ D'OR | D193: Diskoteka | E193: PRESTIGE | F193: 1600m | G193: =IF(COUNTIF('Dam Lines'!A:A,D193)>0,"Yes","No") -> No | H193: Male | I193: {=IF(G193="Yes",XLOOKUP(D193,'Dam Lines'!A:A,'Dam Lines'!J:J),"")}
A194: 5 | B194: SWYFT | C194: Dormane | D194: Fryga | E194: PRESTIGE | F194: 1600m | G194: =IF(COUNTIF('Dam Lines'!A:A,D194)>0,"Yes","No") -> Yes | H194: Male | I194: {=IF(G194="Yes",XLOOKUP(D194,'Dam Lines'!A:A,'Dam Lines'!J:J),"")} -> PHILIPPA
A195: 6 | B195: HAAJEB | C195: MAWOOD | D195: Shumoos | E195: PRESTIGE | F195: 1600m | G195: =IF(COUNTIF('Dam Lines'!A:A,D195)>0,"Yes","No") -> Yes | H195: Male | I195: {=IF(G195="Yes",XLOOKUP(D195,'Dam Lines'!A:A,'Dam Lines'!J:J),"")} -> FATMA
A196: 7 | B196: MANDRAGORE AL MAURY | C196: Dormane | D196: Melody Al Maury | E196: PRESTIGE | F196: 1600m | G196: =IF(COUNTIF('Dam Lines'!A:A,D196)>0,"Yes","No") -> Yes | H196: Female | I196: {=IF(G196="Yes",XLOOKUP(D196,'Dam Lines'!A:A,'Dam Lines'!J:J),"")} -> MAGNESIE
A197: 8 | B197: WYCKED | C197: Burning Sand | D197: Frynch | E197: PRESTIGE | F197: 1600m | G197: =IF(COUNTIF('Dam Lines'!A:A,D197)>0,"Yes","No") -> Yes | H197: Female | I197: {=IF(G197="Yes",XLOOKUP(D197,'Dam Lines'!A:A,'Dam Lines'!J:J),"")} -> PHILIPPA
A198: 9 | B198: MH AREEB | C198: GHADAB | D198: SHEEMAH | E198: PRESTIGE | F198: 1600m | G198: =IF(COUNTIF('Dam Lines'!A:A,D198)>0,"Yes","No") -> No | H198: Male | I198: {=IF(G198="Yes",XLOOKUP(D198,'Dam Lines'!A:A,'Dam Lines'!J:J),"")}
A199: 10 | B199: RAGDAN | C199: NEZ D'OR | D199: DAGAM | E199: PRESTIGE | F199: 1600m | G199: =IF(COUNTIF('Dam Lines'!A:A,D199)>0,"Yes","No") -> No | H199: Male | I199: {=IF(G199="Yes",XLOOKUP(D199,'Dam Lines'!A:A,'Dam Lines'!J:J),"")}
A200: 11 | B200: BURJ KHALIFA | C200: Dormane | D200: Fryga | E200: PRESTIGE | F200: 1600m | G200: =IF(COUNTIF('Dam Lines'!A:A,D200)>0,"Yes","No") -> Yes | H200: Male | I200: {=IF(G200="Yes",XLOOKUP(D200,'Dam Lines'!A:A,'Dam Lines'!J:J),"")} -> PHILIPPA
A201: 12 | B201: RAKED | C201: MAGIC DE PIBOUL | D201: SHEENA | E201: PRESTIGE | F201: 1600m | G201: =IF(COUNTIF('Dam Lines'!A:A,D201)>0,"Yes","No") -> Yes | H201: Male | I201: {=IF(G201="Yes",XLOOKUP(D201,'Dam Lines'!A:A,'Dam Lines'!J:J),"")} -> FATMA
... A288: 4 | B288: NYMPHEA DU PAON | C288: Mahabb | D288: Safira Du Paon | E288: CONDITIONS | F288: 1600m | G288: =IF(COUNTIF('Dam Lines'!A:A,D288)>0,"Yes","No") -> Yes | H288: Female | I288: {=IF(G288="Yes",XLOOKUP(D288,'Dam Lines'!A:A,'Dam Lines'!J:J),"")} -> FATMA
A289: 5 | B289: FEE AL MAURY | C289: Dormane | D289: Friandise Al Maury | E289: CONDITIONS | F289: 1600m | G289: Yes | H289: Female | I289: {=XLOOKUP(B289,'Dam Lines'!A:A,'Dam Lines'!J:J)} -> FATMA
A290: 6 | B290: RAGDAN | C290: NEZ D'OR | D290: DAGAM | E290: CONDITIONS | F290: 1600m | G290: =IF(COUNTIF('Dam Lines'!A:A,D290)>0,"Yes","No") -> No | H290: Male | I290: {=IF(G290="Yes",XLOOKUP(D290,'Dam Lines'!A:A,'Dam Lines'!J:J),"")}
A291: 7 | B291: MUDALLAL AL REEF | C291: SAKLAWI JADRANE | D291: MODJALLA | E291: CONDITIONS | F291: 1600m | G291: =IF(COUNTIF('Dam Lines'!A:A,D291)>0,"Yes","No") -> Yes | H291: Male | I291: {=IF(G291="Yes",XLOOKUP(D291,'Dam Lines'!A:A,'Dam Lines'!J:J),"")} -> MADOU
A292: 8 | B292: KANJANI | C292: MADJANI | D292: Essaada | E292: CONDITIONS | F292: 1600m | G292: =IF(COUNTIF('Dam Lines'!A:A,D292)>0,"Yes","No") -> No | H292: Male | I292: {=IF(G292="Yes",XLOOKUP(D292,'Dam Lines'!A:A,'Dam Lines'!J:J),"")}
A293: 1 | B293: MH KANZ | C293: Akbar | D293: Blood Pressure | E293: MAIDEN | F293: 1400m | G293: =IF(COUNTIF('Dam Lines'!A:A,D293)>0,"Yes","No") -> Yes | H293: Female | I293: {=IF(G293="Yes",XLOOKUP(D293,'Dam Lines'!A:A,'Dam Lines'!J:J),"")} -> FATMA
A294: 2 | B294: HUYAM | C294: NIZAM | D294: Arabesque Safinat | E294: MAIDEN | F294: 1400m | G294: =IF(COUNTIF('Dam Lines'!A:A,D294)>0,"Yes","No") -> Yes | H294: Female | I294: {=IF(G294="Yes",XLOOKUP(D294,'Dam Lines'!A:A,'Dam Lines'!J:J),"")} -> ARBALETE
A295: 3 | B295: AL SAHRAA | C295: KHATTAR AL NAIF | D295: Kasu | E295: MAIDEN | F295: 1400m | G295: =IF(COUNTIF('Dam Lines'!A:A,D295)>0,"Yes","No") -> No | H295: Female | I295: {=IF(G295="Yes",XLOOKUP(D295,'Dam Lines'!A:A,'Dam Lines'!J:J),"")}
A296: 4 | B296: AF SALEKAH | C296: Martin Al Maury | D296: AF NAJMATI | E296: MAIDEN | F296: 1400m | G296: =IF(COUNTIF('Dam Lines'!A:A,D296)>0,"Yes","No") -> Yes | H296: Female | I296: {=IF(G296="Yes",XLOOKUP(D296,'Dam Lines'!A:A,'Dam Lines'!J:J),"")} -> SAFIXA
A297: 5 | B297: AF INTIHAJ | C297: Awaj | D297: AF WAED | E297: MAIDEN | F297: 1400m | G297: =IF(COUNTIF('Dam Lines'!A:A,D297)>0,"Yes","No") -> Yes | H297: Female | I297: {=IF(G297="Yes",XLOOKUP(D297,'Dam Lines'!A:A,'Dam Lines'!J:J),"")} -> NEVADA II
A298: 6 | B298: AF MUJDIEH | C298: Martin Al Maury | D298: NARAA | E298: MAIDEN | F298: 1400m | G298: =IF(COUNTIF('Dam Lines'!A:A,D298)>0,"Yes","No") -> Yes | H298: Female | I298: {=IF(G298="Yes",XLOOKUP(D298,'Dam Lines'!A:A,'Dam Lines'!J:J),"")} -> YFS ALMOND JOY
A299: 1 | B299: SABBAQ | C299: Bibi De Carrere | D299: AF YASATER | E299: HANDICAP (+) | F299: 1600m | G299: =IF(COUNTIF('Dam Lines'!A:A,D299)>0,"Yes","No") -> Yes | H299: Male | I299: {=IF(G299="Yes",XLOOKUP(D299,'Dam Lines'!A:A,'Dam Lines'!J:J),"")} -> NEVADA II
A300: 2 | B300: AL YAWAZI | C300: AL NASR | D300: ANSHOUDAT FARAH | E300: HANDICAP (+) | F300: 1600m | G300: =IF(COUNTIF('Dam Lines'!A:A,D300)>0,"Yes","No") -> Yes | H300: Female | I300: {=IF(G300="Yes",XLOOKUP(D300,'Dam Lines'!A:A,'Dam Lines'!J:J),"")} -> KARTA
A301: 3 | B301: RAAD W'RSAN | C301: Bibi De Carrere | D301: Methaliya | E301: HANDICAP (+) | F301: 1600m | G301: =IF(COUNTIF('Dam Lines'!A:A,D301)>0,"Yes","No") -> Yes | H301: Male | I301: {=IF(G301="Yes",XLOOKUP(D301,'Dam Lines'!A:A,'Dam Lines'!J:J),"")} -> MANAGIYA AL SAFFRA
... A332: 6 | B332: BIN ARAR | C332: Tanguy Du Falgas | D332: AL GHUBRAH | E332: HANDICAP (+) | F332: 1400m | G332: =IF(COUNTIF('Dam Lines'!A:A,D332)>0,"Yes","No") -> No | H332: Male | I332: {=IF(G332="Yes",XLOOKUP(D332,'Dam Lines'!A:A,'Dam Lines'!J:J),"")}
A333: 7 | B333: AZ ALDAHMA | C333: DAHESS | D333: AIRELLE DE GEMME | E333: HANDICAP (+) | F333: 1400m | G333: Yes | H333: Female | I333: {=XLOOKUP(B333,'Dam Lines'!A:A,'Dam Lines'!J:J)} -> FATMA
A334: 8 | B334: FYLTHY RICH | C334: TH Richie | D334: Frynch | E334: HANDICAP (+) | F334: 1400m | G334: =IF(COUNTIF('Dam Lines'!A:A,D334)>0,"Yes","No") -> Yes | H334: Male | I334: {=IF(G334="Yes",XLOOKUP(D334,'Dam Lines'!A:A,'Dam Lines'!J:J),"")} -> PHILIPPA
A335: 9 | B335: EKTIBAR | C335: KEY LINE | D335: DJANITI | E335: HANDICAP (+) | F335: 1400m | G335: =IF(COUNTIF('Dam Lines'!A:A,D335)>0,"Yes","No") -> No | H335: Male | I335: {=IF(G335="Yes",XLOOKUP(D335,'Dam Lines'!A:A,'Dam Lines'!J:J),"")}
A336: 10 | B336: MH SAMURAI | C336: GHADAB | D336: ARKADYA | E336: HANDICAP (+) | F336: 1400m | G336: =IF(COUNTIF('Dam Lines'!A:A,D336)>0,"Yes","No") -> Yes | H336: Male | I336: {=IF(G336="Yes",XLOOKUP(D336,'Dam Lines'!A:A,'Dam Lines'!J:J),"")} -> ASTRALE
A337: 11 | B337: JAP AL SAKAB | C337: Odin | D337: Rima | E337: HANDICAP (+) | F337: 1400m | G337: =IF(COUNTIF('Dam Lines'!A:A,D337)>0,"Yes","No") -> Yes | H337: Male | I337: {=IF(G337="Yes",XLOOKUP(D337,'Dam Lines'!A:A,'Dam Lines'!J:J),"")} -> MENCULE16
A338: 1 | B338: UBU AL MELS | C338: Dormane | D338: Lhora Al Mels | E338: HANDICAP (+) | F338: 1000m | G338: =IF(COUNTIF('Dam Lines'!A:A,D338)>0,"Yes","No") -> Yes | H338: Male | I338: {=IF(G338="Yes",XLOOKUP(D338,'Dam Lines'!A:A,'Dam Lines'!J:J),"")} -> CAIDA
A339: 2 | B339: VERNET | C339: VINSAIS | D339: ISET LA BELLE | E339: HANDICAP (+) | F339: 1000m | G339: =IF(COUNTIF('Dam Lines'!A:A,D339)>0,"Yes","No") -> No | H339: Male | I339: {=IF(G339="Yes",XLOOKUP(D339,'Dam Lines'!A:A,'Dam Lines'!J:J),"")}
A340: 3 | B340: SAFINA GHANTOOT | C340: Tron Ku Tu | D340: Love Joy | E340: HANDICAP (+) | F340: 1000m | G340: =IF(COUNTIF('Dam Lines'!A:A,D340)>0,"Yes","No") -> No | H340: Male | I340: {=IF(G340="Yes",XLOOKUP(D340,'Dam Lines'!A:A,'Dam Lines'!J:J),"")}
A341: 4 | B341: MAGIK DU PAON | C341: Mahabb | D341: Giulia Du Paon | E341: HANDICAP (+) | F341: 1000m | G341: =IF(COUNTIF('Dam Lines'!A:A,D341)>0,"Yes","No") -> No | H341: Male | I341: {=IF(G341="Yes",XLOOKUP(D341,'Dam Lines'!A:A,'Dam Lines'!J:J),"")}
A342: 5 | B342: AF THARB | C342: MADOUA DE PIBOUL | D342: AL DHEIBA | E342: HANDICAP (+) | F342: 1000m | G342: =IF(COUNTIF('Dam Lines'!A:A,D342)>0,"Yes","No") -> No | H342: Male | I342: {=IF(G342="Yes",XLOOKUP(D342,'Dam Lines'!A:A,'Dam Lines'!J:J),"")}
A343: 6 | B343: NS SHAMIKH | C343: Volauvent | D343: AF ALWASHEM | E343: HANDICAP (+) | F343: 1000m | G343: =IF(COUNTIF('Dam Lines'!A:A,D343)>0,"Yes","No") -> No | H343: Male | I343: {=IF(G343="Yes",XLOOKUP(D343,'Dam Lines'!A:A,'Dam Lines'!J:J),"")}
A344: 7 | B344: AF SHBAS | C344: AL KESBE | D344: SAMBAA | E344: HANDICAP (+) | F344: 1000m | G344: =IF(COUNTIF('Dam Lines'!A:A,D344)>0,"Yes","No") -> Yes | H344: Female | I344: {=IF(G344="Yes",XLOOKUP(D344,'Dam Lines'!A:A,'Dam Lines'!J:J),"")} -> BAKOURA
A345: 8 | B345: MAJD ABU DHABI | C345: VELTE | D345: Naghila El Samawi | E345: HANDICAP (+) | F345: 1000m | G345: =IF(COUNTIF('Dam Lines'!A:A,D345)>0,"Yes","No") -> No | H345: Male | I345: {=IF(G345="Yes",XLOOKUP(D345,'Dam Lines'!A:A,'Dam Lines'!J:J),"")}
... A404: 10 | B404: AL HARTH | C404: VAL D'AZUN | D404: GRP BAYNOONA | E404: CONDITIONS | F404: 1400m | G404: =IF(COUNTIF('Dam Lines'!A:A,D404)>0,"Yes","No") -> No | H404: Male | I404: {=IF(G404="Yes",XLOOKUP(D404,'Dam Lines'!A:A,'Dam Lines'!J:J),"")}
A405: 1 | B405: ESTOURAH | C405: AL NASR | D405: Sylphide Al Maury | E405: MAIDEN | F405: 1600m | G405: Yes | H405: Female | I405: {=XLOOKUP(B405,'Dam Lines'!A:A,'Dam Lines'!J:J)} -> NEVADA II
A406: 2 | B406: BAREK W'RSAN | C406: Drug | D406: PRINCE TIKI | E406: MAIDEN | F406: 1600m | G406: =IF(COUNTIF('Dam Lines'!A:A,D406)>0,"Yes","No") -> No | H406: Male | I406: {=IF(G406="Yes",XLOOKUP(D406,'Dam Lines'!A:A,'Dam Lines'!J:J),"")}
A407: 3 | B407: JAMILA AL REEF | C407: FANFAN DE CARRERE | D407: DJEZEBEL | E407: MAIDEN | F407: 1600m | G407: =IF(COUNTIF('Dam Lines'!A:A,D407)>0,"Yes","No") -> Yes | H407: Female | I407: {=IF(G407="Yes",XLOOKUP(D407,'Dam Lines'!A:A,'Dam Lines'!J:J),"")} -> CHAR-RICH ALECIA
...
